-- MySQL dump 10.13  Distrib 8.0.36, for Linux (x86_64)
--
-- Host: localhost    Database: medical_scheduling
-- ------------------------------------------------------
-- Server version	8.0.36-0ubuntu0.20.04.1

/*!40101 SET @OLD_CHARACTER_SET_CLIENT=@@CHARACTER_SET_CLIENT */;
/*!40101 SET @OLD_CHARACTER_SET_RESULTS=@@CHARACTER_SET_RESULTS */;
/*!40101 SET @OLD_COLLATION_CONNECTION=@@COLLATION_CONNECTION */;
/*!50503 SET NAMES utf8 */;
/*!40103 SET @OLD_TIME_ZONE=@@TIME_ZONE */;
/*!40103 SET TIME_ZONE='+00:00' */;
/*!40014 SET @OLD_UNIQUE_CHECKS=@@UNIQUE_CHECKS, UNIQUE_CHECKS=0 */;
/*!40014 SET @OLD_FOREIGN_KEY_CHECKS=@@FOREIGN_KEY_CHECKS, FOREIGN_KEY_CHECKS=0 */;
/*!40101 SET @OLD_SQL_MODE=@@SQL_MODE, SQL_MODE='NO_AUTO_VALUE_ON_ZERO' */;
/*!40111 SET @OLD_SQL_NOTES=@@SQL_NOTES, SQL_NOTES=0 */;

--
-- Table structure for table `cities`
--

DROP TABLE IF EXISTS `cities`;
/*!40101 SET @saved_cs_client     = @@character_set_client */;
/*!50503 SET character_set_client = utf8mb4 */;
CREATE TABLE `cities` (
  `id` int NOT NULL AUTO_INCREMENT,
  `state_id` int NOT NULL,
  `city` varchar(255) NOT NULL,
  `created_at` timestamp NULL DEFAULT CURRENT_TIMESTAMP,
  `updated_at` timestamp NULL DEFAULT CURRENT_TIMESTAMP ON UPDATE CURRENT_TIMESTAMP,
  PRIMARY KEY (`id`),
  KEY `state_id` (`state_id`),
  CONSTRAINT `cities_ibfk_1` FOREIGN KEY (`state_id`) REFERENCES `states` (`id`)
) ENGINE=InnoDB AUTO_INCREMENT=588 DEFAULT CHARSET=utf8mb4 COLLATE=utf8mb4_0900_ai_ci;
/*!40101 SET character_set_client = @saved_cs_client */;

--
-- Dumping data for table `cities`
--

LOCK TABLES `cities` WRITE;
/*!40000 ALTER TABLE `cities` DISABLE KEYS */;
INSERT INTO `cities` VALUES (1,32,'North and Middle Andaman','2024-04-10 05:27:20','2024-04-10 05:27:20'),(2,32,'South Andaman','2024-04-10 05:27:20','2024-04-10 05:27:20'),(3,32,'Nicobar','2024-04-10 05:27:20','2024-04-10 05:27:20'),(4,1,'Adilabad','2024-04-10 05:27:20','2024-04-10 05:27:20'),(5,1,'Anantapur','2024-04-10 05:27:20','2024-04-10 05:27:20'),(6,1,'Chittoor','2024-04-10 05:27:20','2024-04-10 05:27:20'),(7,1,'East Godavari','2024-04-10 05:27:20','2024-04-10 05:27:20'),(8,1,'Guntur','2024-04-10 05:27:20','2024-04-10 05:27:20'),(9,1,'Hyderabad','2024-04-10 05:27:20','2024-04-10 05:27:20'),(10,1,'Kadapa','2024-04-10 05:27:20','2024-04-10 05:27:20'),(11,1,'Karimnagar','2024-04-10 05:27:20','2024-04-10 05:27:20'),(12,1,'Khammam','2024-04-10 05:27:20','2024-04-10 05:27:20'),(13,1,'Krishna','2024-04-10 05:27:20','2024-04-10 05:27:20'),(14,1,'Kurnool','2024-04-10 05:27:20','2024-04-10 05:27:20'),(15,1,'Mahbubnagar','2024-04-10 05:27:20','2024-04-10 05:27:20'),(16,1,'Medak','2024-04-10 05:27:20','2024-04-10 05:27:20'),(17,1,'Nalgonda','2024-04-10 05:27:20','2024-04-10 05:27:20'),(18,1,'Nellore','2024-04-10 05:27:20','2024-04-10 05:27:20'),(19,1,'Nizamabad','2024-04-10 05:27:20','2024-04-10 05:27:20'),(20,1,'Prakasam','2024-04-10 05:27:20','2024-04-10 05:27:20'),(21,1,'Rangareddi','2024-04-10 05:27:20','2024-04-10 05:27:20'),(22,1,'Srikakulam','2024-04-10 05:27:20','2024-04-10 05:27:20'),(23,1,'Vishakhapatnam','2024-04-10 05:27:20','2024-04-10 05:27:20'),(24,1,'Vizianagaram','2024-04-10 05:27:20','2024-04-10 05:27:20'),(25,1,'Warangal','2024-04-10 05:27:20','2024-04-10 05:27:20'),(26,1,'West Godavari','2024-04-10 05:27:20','2024-04-10 05:27:20'),(27,3,'Anjaw','2024-04-10 05:27:20','2024-04-10 05:27:20'),(28,3,'Changlang','2024-04-10 05:27:20','2024-04-10 05:27:20'),(29,3,'East Kameng','2024-04-10 05:27:20','2024-04-10 05:27:20'),(30,3,'Lohit','2024-04-10 05:27:20','2024-04-10 05:27:20'),(31,3,'Lower Subansiri','2024-04-10 05:27:20','2024-04-10 05:27:20'),(32,3,'Papum Pare','2024-04-10 05:27:20','2024-04-10 05:27:20'),(33,3,'Tirap','2024-04-10 05:27:20','2024-04-10 05:27:20'),(34,3,'Dibang Valley','2024-04-10 05:27:20','2024-04-10 05:27:20'),(35,3,'Upper Subansiri','2024-04-10 05:27:20','2024-04-10 05:27:20'),(36,3,'West Kameng','2024-04-10 05:27:20','2024-04-10 05:27:20'),(37,2,'Barpeta','2024-04-10 05:27:20','2024-04-10 05:27:20'),(38,2,'Bongaigaon','2024-04-10 05:27:20','2024-04-10 05:27:20'),(39,2,'Cachar','2024-04-10 05:27:20','2024-04-10 05:27:20'),(40,2,'Darrang','2024-04-10 05:27:20','2024-04-10 05:27:20'),(41,2,'Dhemaji','2024-04-10 05:27:20','2024-04-10 05:27:20'),(42,2,'Dhubri','2024-04-10 05:27:20','2024-04-10 05:27:20'),(43,2,'Dibrugarh','2024-04-10 05:27:20','2024-04-10 05:27:20'),(44,2,'Goalpara','2024-04-10 05:27:20','2024-04-10 05:27:20'),(45,2,'Golaghat','2024-04-10 05:27:20','2024-04-10 05:27:20'),(46,2,'Hailakandi','2024-04-10 05:27:20','2024-04-10 05:27:20'),(47,2,'Jorhat','2024-04-10 05:27:20','2024-04-10 05:27:20'),(48,2,'Karbi Anglong','2024-04-10 05:27:20','2024-04-10 05:27:20'),(49,2,'Karimganj','2024-04-10 05:27:20','2024-04-10 05:27:20'),(50,2,'Kokrajhar','2024-04-10 05:27:20','2024-04-10 05:27:20'),(51,2,'Lakhimpur','2024-04-10 05:27:20','2024-04-10 05:27:20'),(52,2,'Marigaon','2024-04-10 05:27:20','2024-04-10 05:27:20'),(53,2,'Nagaon','2024-04-10 05:27:20','2024-04-10 05:27:20'),(54,2,'Nalbari','2024-04-10 05:27:20','2024-04-10 05:27:20'),(55,2,'North Cachar Hills','2024-04-10 05:27:20','2024-04-10 05:27:20'),(56,2,'Sibsagar','2024-04-10 05:27:20','2024-04-10 05:27:20'),(57,2,'Sonitpur','2024-04-10 05:27:20','2024-04-10 05:27:20'),(58,2,'Tinsukia','2024-04-10 05:27:20','2024-04-10 05:27:20'),(59,4,'Araria','2024-04-10 05:27:20','2024-04-10 05:27:20'),(60,4,'Aurangabad','2024-04-10 05:27:20','2024-04-10 05:27:20'),(61,4,'Banka','2024-04-10 05:27:20','2024-04-10 05:27:20'),(62,4,'Begusarai','2024-04-10 05:27:20','2024-04-10 05:27:20'),(63,4,'Bhagalpur','2024-04-10 05:27:20','2024-04-10 05:27:20'),(64,4,'Bhojpur','2024-04-10 05:27:20','2024-04-10 05:27:20'),(65,4,'Buxar','2024-04-10 05:27:20','2024-04-10 05:27:20'),(66,4,'Darbhanga','2024-04-10 05:27:20','2024-04-10 05:27:20'),(67,4,'Purba Champaran','2024-04-10 05:27:20','2024-04-10 05:27:20'),(68,4,'Gaya','2024-04-10 05:27:20','2024-04-10 05:27:20'),(69,4,'Gopalganj','2024-04-10 05:27:20','2024-04-10 05:27:20'),(70,4,'Jamui','2024-04-10 05:27:20','2024-04-10 05:27:20'),(71,4,'Jehanabad','2024-04-10 05:27:20','2024-04-10 05:27:20'),(72,4,'Khagaria','2024-04-10 05:27:20','2024-04-10 05:27:20'),(73,4,'Kishanganj','2024-04-10 05:27:20','2024-04-10 05:27:20'),(74,4,'Kaimur','2024-04-10 05:27:20','2024-04-10 05:27:20'),(75,4,'Katihar','2024-04-10 05:27:20','2024-04-10 05:27:20'),(76,4,'Lakhisarai','2024-04-10 05:27:20','2024-04-10 05:27:20'),(77,4,'Madhubani','2024-04-10 05:27:20','2024-04-10 05:27:20'),(78,4,'Munger','2024-04-10 05:27:20','2024-04-10 05:27:20'),(79,4,'Madhepura','2024-04-10 05:27:20','2024-04-10 05:27:20'),(80,4,'Muzaffarpur','2024-04-10 05:27:20','2024-04-10 05:27:20'),(81,4,'Nalanda','2024-04-10 05:27:20','2024-04-10 05:27:20'),(82,4,'Nawada','2024-04-10 05:27:20','2024-04-10 05:27:20'),(83,4,'Patna','2024-04-10 05:27:20','2024-04-10 05:27:20'),(84,4,'Purnia','2024-04-10 05:27:20','2024-04-10 05:27:20'),(85,4,'Rohtas','2024-04-10 05:27:20','2024-04-10 05:27:20'),(86,4,'Saharsa','2024-04-10 05:27:20','2024-04-10 05:27:20'),(87,4,'Samastipur','2024-04-10 05:27:20','2024-04-10 05:27:20'),(88,4,'Sheohar','2024-04-10 05:27:20','2024-04-10 05:27:20'),(89,4,'Sheikhpura','2024-04-10 05:27:20','2024-04-10 05:27:20'),(90,4,'Saran','2024-04-10 05:27:20','2024-04-10 05:27:20'),(91,4,'Sitamarhi','2024-04-10 05:27:20','2024-04-10 05:27:20'),(92,4,'Supaul','2024-04-10 05:27:20','2024-04-10 05:27:20'),(93,4,'Siwan','2024-04-10 05:27:20','2024-04-10 05:27:20'),(94,4,'Vaishali','2024-04-10 05:27:20','2024-04-10 05:27:20'),(95,4,'Pashchim Champaran','2024-04-10 05:27:20','2024-04-10 05:27:20'),(96,29,'Diu','2024-04-10 05:27:20','2024-04-10 05:27:20'),(97,29,'Daman','2024-04-10 05:27:20','2024-04-10 05:27:20'),(98,25,'Central Delhi','2024-04-10 05:27:20','2024-04-10 05:27:20'),(99,25,'East Delhi','2024-04-10 05:27:20','2024-04-10 05:27:20'),(100,25,'New Delhi','2024-04-10 05:27:20','2024-04-10 05:27:20'),(101,25,'North Delhi','2024-04-10 05:27:20','2024-04-10 05:27:20'),(102,25,'North East Delhi','2024-04-10 05:27:20','2024-04-10 05:27:20'),(103,25,'North West Delhi','2024-04-10 05:27:20','2024-04-10 05:27:20'),(104,25,'South Delhi','2024-04-10 05:27:20','2024-04-10 05:27:20'),(105,25,'South West Delhi','2024-04-10 05:27:20','2024-04-10 05:27:20'),(106,25,'West Delhi','2024-04-10 05:27:20','2024-04-10 05:27:20'),(107,26,'North Goa','2024-04-10 05:27:20','2024-04-10 05:27:20'),(108,26,'South Goa','2024-04-10 05:27:20','2024-04-10 05:27:20'),(109,5,'Ahmedabad','2024-04-10 05:27:20','2024-04-10 05:27:20'),(110,5,'Amreli District','2024-04-10 05:27:20','2024-04-10 05:27:20'),(111,5,'Anand','2024-04-10 05:27:20','2024-04-10 05:27:20'),(112,5,'Banaskantha','2024-04-10 05:27:20','2024-04-10 05:27:20'),(113,5,'Bharuch','2024-04-10 05:27:20','2024-04-10 05:27:20'),(114,5,'Bhavnagar','2024-04-10 05:27:20','2024-04-10 05:27:20'),(115,5,'Dahod','2024-04-10 05:27:20','2024-04-10 05:27:20'),(116,5,'The Dangs','2024-04-10 05:27:20','2024-04-10 05:27:20'),(117,5,'Gandhinagar','2024-04-10 05:27:20','2024-04-10 05:27:20'),(118,5,'Jamnagar','2024-04-10 05:27:20','2024-04-10 05:27:20'),(119,5,'Junagadh','2024-04-10 05:27:20','2024-04-10 05:27:20'),(120,5,'Kutch','2024-04-10 05:27:20','2024-04-10 05:27:20'),(121,5,'Kheda','2024-04-10 05:27:20','2024-04-10 05:27:20'),(122,5,'Mehsana','2024-04-10 05:27:20','2024-04-10 05:27:20'),(123,5,'Narmada','2024-04-10 05:27:20','2024-04-10 05:27:20'),(124,5,'Navsari','2024-04-10 05:27:20','2024-04-10 05:27:20'),(125,5,'Patan','2024-04-10 05:27:20','2024-04-10 05:27:20'),(126,5,'Panchmahal','2024-04-10 05:27:20','2024-04-10 05:27:20'),(127,5,'Porbandar','2024-04-10 05:27:20','2024-04-10 05:27:20'),(128,5,'Rajkot','2024-04-10 05:27:20','2024-04-10 05:27:20'),(129,5,'Sabarkantha','2024-04-10 05:27:20','2024-04-10 05:27:20'),(130,5,'Surendranagar','2024-04-10 05:27:20','2024-04-10 05:27:20'),(131,5,'Surat','2024-04-10 05:27:20','2024-04-10 05:27:20'),(132,5,'Vadodara','2024-04-10 05:27:20','2024-04-10 05:27:20'),(133,5,'Valsad','2024-04-10 05:27:20','2024-04-10 05:27:20'),(134,6,'Ambala','2024-04-10 05:27:20','2024-04-10 05:27:20'),(135,6,'Bhiwani','2024-04-10 05:27:20','2024-04-10 05:27:20'),(136,6,'Faridabad','2024-04-10 05:27:20','2024-04-10 05:27:20'),(137,6,'Fatehabad','2024-04-10 05:27:20','2024-04-10 05:27:20'),(138,6,'Gurgaon','2024-04-10 05:27:20','2024-04-10 05:27:20'),(139,6,'Hissar','2024-04-10 05:27:20','2024-04-10 05:27:20'),(140,6,'Jhajjar','2024-04-10 05:27:20','2024-04-10 05:27:20'),(141,6,'Jind','2024-04-10 05:27:20','2024-04-10 05:27:20'),(142,6,'Karnal','2024-04-10 05:27:20','2024-04-10 05:27:20'),(143,6,'Kaithal','2024-04-10 05:27:20','2024-04-10 05:27:20'),(144,6,'Kurukshetra','2024-04-10 05:27:20','2024-04-10 05:27:20'),(145,6,'Mahendragarh','2024-04-10 05:27:20','2024-04-10 05:27:20'),(146,6,'Mewat','2024-04-10 05:27:20','2024-04-10 05:27:20'),(147,6,'Panchkula','2024-04-10 05:27:20','2024-04-10 05:27:20'),(148,6,'Panipat','2024-04-10 05:27:20','2024-04-10 05:27:20'),(149,6,'Rewari','2024-04-10 05:27:20','2024-04-10 05:27:20'),(150,6,'Rohtak','2024-04-10 05:27:20','2024-04-10 05:27:20'),(151,6,'Sirsa','2024-04-10 05:27:20','2024-04-10 05:27:20'),(152,6,'Sonepat','2024-04-10 05:27:20','2024-04-10 05:27:20'),(153,6,'Yamuna Nagar','2024-04-10 05:27:20','2024-04-10 05:27:20'),(154,6,'Palwal','2024-04-10 05:27:20','2024-04-10 05:27:20'),(155,7,'Bilaspur','2024-04-10 05:27:20','2024-04-10 05:27:20'),(156,7,'Chamba','2024-04-10 05:27:20','2024-04-10 05:27:20'),(157,7,'Hamirpur','2024-04-10 05:27:20','2024-04-10 05:27:20'),(158,7,'Kangra','2024-04-10 05:27:20','2024-04-10 05:27:20'),(159,7,'Kinnaur','2024-04-10 05:27:20','2024-04-10 05:27:20'),(160,7,'Kulu','2024-04-10 05:27:20','2024-04-10 05:27:20'),(161,7,'Lahaul and Spiti','2024-04-10 05:27:20','2024-04-10 05:27:20'),(162,7,'Mandi','2024-04-10 05:27:20','2024-04-10 05:27:20'),(163,7,'Shimla','2024-04-10 05:27:20','2024-04-10 05:27:20'),(164,7,'Sirmaur','2024-04-10 05:27:20','2024-04-10 05:27:20'),(165,7,'Solan','2024-04-10 05:27:20','2024-04-10 05:27:20'),(166,7,'Una','2024-04-10 05:27:20','2024-04-10 05:27:20'),(167,8,'Anantnag','2024-04-10 05:27:20','2024-04-10 05:27:20'),(168,8,'Badgam','2024-04-10 05:27:20','2024-04-10 05:27:20'),(169,8,'Bandipore','2024-04-10 05:27:20','2024-04-10 05:27:20'),(170,8,'Baramula','2024-04-10 05:27:20','2024-04-10 05:27:20'),(171,8,'Doda','2024-04-10 05:27:20','2024-04-10 05:27:20'),(172,8,'Jammu','2024-04-10 05:27:20','2024-04-10 05:27:20'),(173,8,'Kargil','2024-04-10 05:27:20','2024-04-10 05:27:20'),(174,8,'Kathua','2024-04-10 05:27:20','2024-04-10 05:27:20'),(175,8,'Kupwara','2024-04-10 05:27:20','2024-04-10 05:27:20'),(176,8,'Leh','2024-04-10 05:27:20','2024-04-10 05:27:20'),(177,8,'Poonch','2024-04-10 05:27:20','2024-04-10 05:27:20'),(178,8,'Pulwama','2024-04-10 05:27:20','2024-04-10 05:27:20'),(179,8,'Rajauri','2024-04-10 05:27:20','2024-04-10 05:27:20'),(180,8,'Srinagar','2024-04-10 05:27:20','2024-04-10 05:27:20'),(181,8,'Samba','2024-04-10 05:27:20','2024-04-10 05:27:20'),(182,8,'Udhampur','2024-04-10 05:27:20','2024-04-10 05:27:20'),(183,34,'Bokaro','2024-04-10 05:27:20','2024-04-10 05:27:20'),(184,34,'Chatra','2024-04-10 05:27:20','2024-04-10 05:27:20'),(185,34,'Deoghar','2024-04-10 05:27:20','2024-04-10 05:27:20'),(186,34,'Dhanbad','2024-04-10 05:27:20','2024-04-10 05:27:20'),(187,34,'Dumka','2024-04-10 05:27:20','2024-04-10 05:27:20'),(188,34,'Purba Singhbhum','2024-04-10 05:27:20','2024-04-10 05:27:20'),(189,34,'Garhwa','2024-04-10 05:27:20','2024-04-10 05:27:20'),(190,34,'Giridih','2024-04-10 05:27:20','2024-04-10 05:27:20'),(191,34,'Godda','2024-04-10 05:27:20','2024-04-10 05:27:20'),(192,34,'Gumla','2024-04-10 05:27:20','2024-04-10 05:27:20'),(193,34,'Hazaribagh','2024-04-10 05:27:20','2024-04-10 05:27:20'),(194,34,'Koderma','2024-04-10 05:27:20','2024-04-10 05:27:20'),(195,34,'Lohardaga','2024-04-10 05:27:20','2024-04-10 05:27:20'),(196,34,'Pakur','2024-04-10 05:27:20','2024-04-10 05:27:20'),(197,34,'Palamu','2024-04-10 05:27:20','2024-04-10 05:27:20'),(198,34,'Ranchi','2024-04-10 05:27:20','2024-04-10 05:27:20'),(199,34,'Sahibganj','2024-04-10 05:27:20','2024-04-10 05:27:20'),(200,34,'Seraikela and Kharsawan','2024-04-10 05:27:20','2024-04-10 05:27:20'),(201,34,'Pashchim Singhbhum','2024-04-10 05:27:20','2024-04-10 05:27:20'),(202,34,'Ramgarh','2024-04-10 05:27:20','2024-04-10 05:27:20'),(203,9,'Bidar','2024-04-10 05:27:20','2024-04-10 05:27:20'),(204,9,'Belgaum','2024-04-10 05:27:20','2024-04-10 05:27:20'),(205,9,'Bijapur','2024-04-10 05:27:20','2024-04-10 05:27:20'),(206,9,'Bagalkot','2024-04-10 05:27:20','2024-04-10 05:27:20'),(207,9,'Bellary','2024-04-10 05:27:20','2024-04-10 05:27:20'),(208,9,'Bangalore Rural District','2024-04-10 05:27:20','2024-04-10 05:27:20'),(209,9,'Bangalore Urban District','2024-04-10 05:27:20','2024-04-10 05:27:20'),(210,9,'Chamarajnagar','2024-04-10 05:27:20','2024-04-10 05:27:20'),(211,9,'Chikmagalur','2024-04-10 05:27:20','2024-04-10 05:27:20'),(212,9,'Chitradurga','2024-04-10 05:27:20','2024-04-10 05:27:20'),(213,9,'Davanagere','2024-04-10 05:27:20','2024-04-10 05:27:20'),(214,9,'Dharwad','2024-04-10 05:27:20','2024-04-10 05:27:20'),(215,9,'Dakshina Kannada','2024-04-10 05:27:20','2024-04-10 05:27:20'),(216,9,'Gadag','2024-04-10 05:27:20','2024-04-10 05:27:20'),(217,9,'Gulbarga','2024-04-10 05:27:20','2024-04-10 05:27:20'),(218,9,'Hassan','2024-04-10 05:27:20','2024-04-10 05:27:20'),(219,9,'Haveri District','2024-04-10 05:27:20','2024-04-10 05:27:20'),(220,9,'Kodagu','2024-04-10 05:27:20','2024-04-10 05:27:20'),(221,9,'Kolar','2024-04-10 05:27:20','2024-04-10 05:27:20'),(222,9,'Koppal','2024-04-10 05:27:20','2024-04-10 05:27:20'),(223,9,'Mandya','2024-04-10 05:27:20','2024-04-10 05:27:20'),(224,9,'Mysore','2024-04-10 05:27:20','2024-04-10 05:27:20'),(225,9,'Raichur','2024-04-10 05:27:20','2024-04-10 05:27:20'),(226,9,'Shimoga','2024-04-10 05:27:20','2024-04-10 05:27:20'),(227,9,'Tumkur','2024-04-10 05:27:20','2024-04-10 05:27:20'),(228,9,'Udupi','2024-04-10 05:27:20','2024-04-10 05:27:20'),(229,9,'Uttara Kannada','2024-04-10 05:27:20','2024-04-10 05:27:20'),(230,9,'Ramanagara','2024-04-10 05:27:20','2024-04-10 05:27:20'),(231,9,'Chikballapur','2024-04-10 05:27:20','2024-04-10 05:27:20'),(232,9,'Yadagiri','2024-04-10 05:27:20','2024-04-10 05:27:20'),(233,10,'Alappuzha','2024-04-10 05:27:20','2024-04-10 05:27:20'),(234,10,'Ernakulam','2024-04-10 05:27:20','2024-04-10 05:27:20'),(235,10,'Idukki','2024-04-10 05:27:20','2024-04-10 05:27:20'),(236,10,'Kollam','2024-04-10 05:27:20','2024-04-10 05:27:20'),(237,10,'Kannur','2024-04-10 05:27:20','2024-04-10 05:27:20'),(238,10,'Kasaragod','2024-04-10 05:27:20','2024-04-10 05:27:20'),(239,10,'Kottayam','2024-04-10 05:27:20','2024-04-10 05:27:20'),(240,10,'Kozhikode','2024-04-10 05:27:20','2024-04-10 05:27:20'),(241,10,'Malappuram','2024-04-10 05:27:20','2024-04-10 05:27:20'),(242,10,'Palakkad','2024-04-10 05:27:20','2024-04-10 05:27:20'),(243,10,'Pathanamthitta','2024-04-10 05:27:20','2024-04-10 05:27:20'),(244,10,'Thrissur','2024-04-10 05:27:20','2024-04-10 05:27:20'),(245,10,'Thiruvananthapuram','2024-04-10 05:27:20','2024-04-10 05:27:20'),(246,10,'Wayanad','2024-04-10 05:27:20','2024-04-10 05:27:20'),(247,11,'Alirajpur','2024-04-10 05:27:20','2024-04-10 05:27:20'),(248,11,'Anuppur','2024-04-10 05:27:20','2024-04-10 05:27:20'),(249,11,'Ashok Nagar','2024-04-10 05:27:20','2024-04-10 05:27:20'),(250,11,'Balaghat','2024-04-10 05:27:20','2024-04-10 05:27:20'),(251,11,'Barwani','2024-04-10 05:27:20','2024-04-10 05:27:20'),(252,11,'Betul','2024-04-10 05:27:20','2024-04-10 05:27:20'),(253,11,'Bhind','2024-04-10 05:27:20','2024-04-10 05:27:20'),(254,11,'Bhopal','2024-04-10 05:27:20','2024-04-10 05:27:20'),(255,11,'Burhanpur','2024-04-10 05:27:20','2024-04-10 05:27:20'),(256,11,'Chhatarpur','2024-04-10 05:27:20','2024-04-10 05:27:20'),(257,11,'Chhindwara','2024-04-10 05:27:20','2024-04-10 05:27:20'),(258,11,'Damoh','2024-04-10 05:27:20','2024-04-10 05:27:20'),(259,11,'Datia','2024-04-10 05:27:20','2024-04-10 05:27:20'),(260,11,'Dewas','2024-04-10 05:27:20','2024-04-10 05:27:20'),(261,11,'Dhar','2024-04-10 05:27:20','2024-04-10 05:27:20'),(262,11,'Dindori','2024-04-10 05:27:20','2024-04-10 05:27:20'),(263,11,'Guna','2024-04-10 05:27:20','2024-04-10 05:27:20'),(264,11,'Gwalior','2024-04-10 05:27:20','2024-04-10 05:27:20'),(265,11,'Harda','2024-04-10 05:27:20','2024-04-10 05:27:20'),(266,11,'Hoshangabad','2024-04-10 05:27:20','2024-04-10 05:27:20'),(267,11,'Indore','2024-04-10 05:27:20','2024-04-10 05:27:20'),(268,11,'Jabalpur','2024-04-10 05:27:20','2024-04-10 05:27:20'),(269,11,'Jhabua','2024-04-10 05:27:20','2024-04-10 05:27:20'),(270,11,'Katni','2024-04-10 05:27:20','2024-04-10 05:27:20'),(271,11,'Khandwa','2024-04-10 05:27:20','2024-04-10 05:27:20'),(272,11,'Khargone','2024-04-10 05:27:20','2024-04-10 05:27:20'),(273,11,'Mandla','2024-04-10 05:27:20','2024-04-10 05:27:20'),(274,11,'Mandsaur','2024-04-10 05:27:20','2024-04-10 05:27:20'),(275,11,'Morena','2024-04-10 05:27:20','2024-04-10 05:27:20'),(276,11,'Narsinghpur','2024-04-10 05:27:20','2024-04-10 05:27:20'),(277,11,'Neemuch','2024-04-10 05:27:20','2024-04-10 05:27:20'),(278,11,'Panna','2024-04-10 05:27:20','2024-04-10 05:27:20'),(279,11,'Rewa','2024-04-10 05:27:20','2024-04-10 05:27:20'),(280,11,'Rajgarh','2024-04-10 05:27:20','2024-04-10 05:27:20'),(281,11,'Ratlam','2024-04-10 05:27:20','2024-04-10 05:27:20'),(282,11,'Raisen','2024-04-10 05:27:20','2024-04-10 05:27:20'),(283,11,'Sagar','2024-04-10 05:27:20','2024-04-10 05:27:20'),(284,11,'Satna','2024-04-10 05:27:20','2024-04-10 05:27:20'),(285,11,'Sehore','2024-04-10 05:27:20','2024-04-10 05:27:20'),(286,11,'Seoni','2024-04-10 05:27:20','2024-04-10 05:27:20'),(287,11,'Shahdol','2024-04-10 05:27:20','2024-04-10 05:27:20'),(288,11,'Shajapur','2024-04-10 05:27:20','2024-04-10 05:27:20'),(289,11,'Sheopur','2024-04-10 05:27:20','2024-04-10 05:27:20'),(290,11,'Shivpuri','2024-04-10 05:27:20','2024-04-10 05:27:20'),(291,11,'Sidhi','2024-04-10 05:27:20','2024-04-10 05:27:20'),(292,11,'Singrauli','2024-04-10 05:27:20','2024-04-10 05:27:20'),(293,11,'Tikamgarh','2024-04-10 05:27:20','2024-04-10 05:27:20'),(294,11,'Ujjain','2024-04-10 05:27:20','2024-04-10 05:27:20'),(295,11,'Umaria','2024-04-10 05:27:20','2024-04-10 05:27:20'),(296,11,'Vidisha','2024-04-10 05:27:20','2024-04-10 05:27:20'),(297,12,'Ahmednagar','2024-04-10 05:27:20','2024-04-10 05:27:20'),(298,12,'Akola','2024-04-10 05:27:20','2024-04-10 05:27:20'),(299,12,'Amrawati','2024-04-10 05:27:20','2024-04-10 05:27:20'),(300,12,'Aurangabad','2024-04-10 05:27:20','2024-04-10 05:27:20'),(301,12,'Bhandara','2024-04-10 05:27:20','2024-04-10 05:27:20'),(302,12,'Beed','2024-04-10 05:27:20','2024-04-10 05:27:20'),(303,12,'Buldhana','2024-04-10 05:27:20','2024-04-10 05:27:20'),(304,12,'Chandrapur','2024-04-10 05:27:20','2024-04-10 05:27:20'),(305,12,'Dhule','2024-04-10 05:27:20','2024-04-10 05:27:20'),(306,12,'Gadchiroli','2024-04-10 05:27:20','2024-04-10 05:27:20'),(307,12,'Gondiya','2024-04-10 05:27:20','2024-04-10 05:27:20'),(308,12,'Hingoli','2024-04-10 05:27:20','2024-04-10 05:27:20'),(309,12,'Jalgaon','2024-04-10 05:27:20','2024-04-10 05:27:20'),(310,12,'Jalna','2024-04-10 05:27:20','2024-04-10 05:27:20'),(311,12,'Kolhapur','2024-04-10 05:27:20','2024-04-10 05:27:20'),(312,12,'Latur','2024-04-10 05:27:20','2024-04-10 05:27:20'),(313,12,'Mumbai City','2024-04-10 05:27:20','2024-04-10 05:27:20'),(314,12,'Mumbai suburban','2024-04-10 05:27:20','2024-04-10 05:27:20'),(315,12,'Nandurbar','2024-04-10 05:27:20','2024-04-10 05:27:20'),(316,12,'Nanded','2024-04-10 05:27:20','2024-04-10 05:27:20'),(317,12,'Nagpur','2024-04-10 05:27:20','2024-04-10 05:27:20'),(318,12,'Nashik','2024-04-10 05:27:20','2024-04-10 05:27:20'),(319,12,'Osmanabad','2024-04-10 05:27:20','2024-04-10 05:27:20'),(320,12,'Parbhani','2024-04-10 05:27:20','2024-04-10 05:27:20'),(321,12,'Pune','2024-04-10 05:27:20','2024-04-10 05:27:20'),(322,12,'Raigad','2024-04-10 05:27:20','2024-04-10 05:27:20'),(323,12,'Ratnagiri','2024-04-10 05:27:20','2024-04-10 05:27:20'),(324,12,'Sindhudurg','2024-04-10 05:27:20','2024-04-10 05:27:20'),(325,12,'Sangli','2024-04-10 05:27:20','2024-04-10 05:27:20'),(326,12,'Solapur','2024-04-10 05:27:20','2024-04-10 05:27:20'),(327,12,'Satara','2024-04-10 05:27:20','2024-04-10 05:27:20'),(328,12,'Thane','2024-04-10 05:27:20','2024-04-10 05:27:20'),(329,12,'Wardha','2024-04-10 05:27:20','2024-04-10 05:27:20'),(330,12,'Washim','2024-04-10 05:27:20','2024-04-10 05:27:20'),(331,12,'Yavatmal','2024-04-10 05:27:20','2024-04-10 05:27:20'),(332,13,'Bishnupur','2024-04-10 05:27:20','2024-04-10 05:27:20'),(333,13,'Churachandpur','2024-04-10 05:27:20','2024-04-10 05:27:20'),(334,13,'Chandel','2024-04-10 05:27:20','2024-04-10 05:27:20'),(335,13,'Imphal East','2024-04-10 05:27:20','2024-04-10 05:27:20'),(336,13,'Senapati','2024-04-10 05:27:20','2024-04-10 05:27:20'),(337,13,'Tamenglong','2024-04-10 05:27:20','2024-04-10 05:27:20'),(338,13,'Thoubal','2024-04-10 05:27:20','2024-04-10 05:27:20'),(339,13,'Ukhrul','2024-04-10 05:27:20','2024-04-10 05:27:20'),(340,13,'Imphal West','2024-04-10 05:27:20','2024-04-10 05:27:20'),(341,14,'East Garo Hills','2024-04-10 05:27:20','2024-04-10 05:27:20'),(342,14,'East Khasi Hills','2024-04-10 05:27:20','2024-04-10 05:27:20'),(343,14,'Jaintia Hills','2024-04-10 05:27:20','2024-04-10 05:27:20'),(344,14,'Ri-Bhoi','2024-04-10 05:27:20','2024-04-10 05:27:20'),(345,14,'South Garo Hills','2024-04-10 05:27:20','2024-04-10 05:27:20'),(346,14,'West Garo Hills','2024-04-10 05:27:20','2024-04-10 05:27:20'),(347,14,'West Khasi Hills','2024-04-10 05:27:20','2024-04-10 05:27:20'),(348,15,'Aizawl','2024-04-10 05:27:20','2024-04-10 05:27:20'),(349,15,'Champhai','2024-04-10 05:27:20','2024-04-10 05:27:20'),(350,15,'Kolasib','2024-04-10 05:27:20','2024-04-10 05:27:20'),(351,15,'Lawngtlai','2024-04-10 05:27:20','2024-04-10 05:27:20'),(352,15,'Lunglei','2024-04-10 05:27:20','2024-04-10 05:27:20'),(353,15,'Mamit','2024-04-10 05:27:20','2024-04-10 05:27:20'),(354,15,'Saiha','2024-04-10 05:27:20','2024-04-10 05:27:20'),(355,15,'Serchhip','2024-04-10 05:27:20','2024-04-10 05:27:20'),(356,16,'Dimapur','2024-04-10 05:27:20','2024-04-10 05:27:20'),(357,16,'Kohima','2024-04-10 05:27:20','2024-04-10 05:27:20'),(358,16,'Mokokchung','2024-04-10 05:27:20','2024-04-10 05:27:20'),(359,16,'Mon','2024-04-10 05:27:20','2024-04-10 05:27:20'),(360,16,'Phek','2024-04-10 05:27:20','2024-04-10 05:27:20'),(361,16,'Tuensang','2024-04-10 05:27:20','2024-04-10 05:27:20'),(362,16,'Wokha','2024-04-10 05:27:20','2024-04-10 05:27:20'),(363,16,'Zunheboto','2024-04-10 05:27:20','2024-04-10 05:27:20'),(364,17,'Angul','2024-04-10 05:27:20','2024-04-10 05:27:20'),(365,17,'Boudh','2024-04-10 05:27:20','2024-04-10 05:27:20'),(366,17,'Bhadrak','2024-04-10 05:27:20','2024-04-10 05:27:20'),(367,17,'Bolangir','2024-04-10 05:27:20','2024-04-10 05:27:20'),(368,17,'Bargarh','2024-04-10 05:27:20','2024-04-10 05:27:20'),(369,17,'Baleswar','2024-04-10 05:27:20','2024-04-10 05:27:20'),(370,17,'Cuttack','2024-04-10 05:27:20','2024-04-10 05:27:20'),(371,17,'Debagarh','2024-04-10 05:27:20','2024-04-10 05:27:20'),(372,17,'Dhenkanal','2024-04-10 05:27:20','2024-04-10 05:27:20'),(373,17,'Ganjam','2024-04-10 05:27:20','2024-04-10 05:27:20'),(374,17,'Gajapati','2024-04-10 05:27:20','2024-04-10 05:27:20'),(375,17,'Jharsuguda','2024-04-10 05:27:20','2024-04-10 05:27:20'),(376,17,'Jajapur','2024-04-10 05:27:20','2024-04-10 05:27:20'),(377,17,'Jagatsinghpur','2024-04-10 05:27:20','2024-04-10 05:27:20'),(378,17,'Khordha','2024-04-10 05:27:20','2024-04-10 05:27:20'),(379,17,'Kendujhar','2024-04-10 05:27:20','2024-04-10 05:27:20'),(380,17,'Kalahandi','2024-04-10 05:27:20','2024-04-10 05:27:20'),(381,17,'Kandhamal','2024-04-10 05:27:20','2024-04-10 05:27:20'),(382,17,'Koraput','2024-04-10 05:27:20','2024-04-10 05:27:20'),(383,17,'Kendrapara','2024-04-10 05:27:20','2024-04-10 05:27:20'),(384,17,'Malkangiri','2024-04-10 05:27:20','2024-04-10 05:27:20'),(385,17,'Mayurbhanj','2024-04-10 05:27:20','2024-04-10 05:27:20'),(386,17,'Nabarangpur','2024-04-10 05:27:20','2024-04-10 05:27:20'),(387,17,'Nuapada','2024-04-10 05:27:20','2024-04-10 05:27:20'),(388,17,'Nayagarh','2024-04-10 05:27:20','2024-04-10 05:27:20'),(389,17,'Puri','2024-04-10 05:27:20','2024-04-10 05:27:20'),(390,17,'Rayagada','2024-04-10 05:27:20','2024-04-10 05:27:20'),(391,17,'Sambalpur','2024-04-10 05:27:20','2024-04-10 05:27:20'),(392,17,'Subarnapur','2024-04-10 05:27:20','2024-04-10 05:27:20'),(393,17,'Sundargarh','2024-04-10 05:27:20','2024-04-10 05:27:20'),(394,27,'Karaikal','2024-04-10 05:27:20','2024-04-10 05:27:20'),(395,27,'Mahe','2024-04-10 05:27:20','2024-04-10 05:27:20'),(396,27,'Puducherry','2024-04-10 05:27:20','2024-04-10 05:27:20'),(397,27,'Yanam','2024-04-10 05:27:20','2024-04-10 05:27:20'),(398,18,'Amritsar','2024-04-10 05:27:20','2024-04-10 05:27:20'),(399,18,'Bathinda','2024-04-10 05:27:20','2024-04-10 05:27:20'),(400,18,'Firozpur','2024-04-10 05:27:20','2024-04-10 05:27:20'),(401,18,'Faridkot','2024-04-10 05:27:20','2024-04-10 05:27:20'),(402,18,'Fatehgarh Sahib','2024-04-10 05:27:20','2024-04-10 05:27:20'),(403,18,'Gurdaspur','2024-04-10 05:27:20','2024-04-10 05:27:20'),(404,18,'Hoshiarpur','2024-04-10 05:27:20','2024-04-10 05:27:20'),(405,18,'Jalandhar','2024-04-10 05:27:20','2024-04-10 05:27:20'),(406,18,'Kapurthala','2024-04-10 05:27:20','2024-04-10 05:27:20'),(407,18,'Ludhiana','2024-04-10 05:27:20','2024-04-10 05:27:20'),(408,18,'Mansa','2024-04-10 05:27:20','2024-04-10 05:27:20'),(409,18,'Moga','2024-04-10 05:27:20','2024-04-10 05:27:20'),(410,18,'Mukatsar','2024-04-10 05:27:20','2024-04-10 05:27:20'),(411,18,'Nawan Shehar','2024-04-10 05:27:20','2024-04-10 05:27:20'),(412,18,'Patiala','2024-04-10 05:27:20','2024-04-10 05:27:20'),(413,18,'Rupnagar','2024-04-10 05:27:20','2024-04-10 05:27:20'),(414,18,'Sangrur','2024-04-10 05:27:20','2024-04-10 05:27:20'),(415,19,'Ajmer','2024-04-10 05:27:20','2024-04-10 05:27:20'),(416,19,'Alwar','2024-04-10 05:27:20','2024-04-10 05:27:20'),(417,19,'Bikaner','2024-04-10 05:27:20','2024-04-10 05:27:20'),(418,19,'Barmer','2024-04-10 05:27:20','2024-04-10 05:27:20'),(419,19,'Banswara','2024-04-10 05:27:20','2024-04-10 05:27:20'),(420,19,'Bharatpur','2024-04-10 05:27:20','2024-04-10 05:27:20'),(421,19,'Baran','2024-04-10 05:27:20','2024-04-10 05:27:20'),(422,19,'Bundi','2024-04-10 05:27:20','2024-04-10 05:27:20'),(423,19,'Bhilwara','2024-04-10 05:27:20','2024-04-10 05:27:20'),(424,19,'Churu','2024-04-10 05:27:20','2024-04-10 05:27:20'),(425,19,'Chittorgarh','2024-04-10 05:27:20','2024-04-10 05:27:20'),(426,19,'Dausa','2024-04-10 05:27:20','2024-04-10 05:27:20'),(427,19,'Dholpur','2024-04-10 05:27:20','2024-04-10 05:27:20'),(428,19,'Dungapur','2024-04-10 05:27:20','2024-04-10 05:27:20'),(429,19,'Ganganagar','2024-04-10 05:27:20','2024-04-10 05:27:20'),(430,19,'Hanumangarh','2024-04-10 05:27:20','2024-04-10 05:27:20'),(431,19,'Juhnjhunun','2024-04-10 05:27:20','2024-04-10 05:27:20'),(432,19,'Jalore','2024-04-10 05:27:20','2024-04-10 05:27:20'),(433,19,'Jodhpur','2024-04-10 05:27:20','2024-04-10 05:27:20'),(434,19,'Jaipur','2024-04-10 05:27:20','2024-04-10 05:27:20'),(435,19,'Jaisalmer','2024-04-10 05:27:20','2024-04-10 05:27:20'),(436,19,'Jhalawar','2024-04-10 05:27:20','2024-04-10 05:27:20'),(437,19,'Karauli','2024-04-10 05:27:20','2024-04-10 05:27:20'),(438,19,'Kota','2024-04-10 05:27:20','2024-04-10 05:27:20'),(439,19,'Nagaur','2024-04-10 05:27:20','2024-04-10 05:27:20'),(440,19,'Pali','2024-04-10 05:27:20','2024-04-10 05:27:20'),(441,19,'Pratapgarh','2024-04-10 05:27:20','2024-04-10 05:27:20'),(442,19,'Rajsamand','2024-04-10 05:27:20','2024-04-10 05:27:20'),(443,19,'Sikar','2024-04-10 05:27:20','2024-04-10 05:27:20'),(444,19,'Sawai Madhopur','2024-04-10 05:27:20','2024-04-10 05:27:20'),(445,19,'Sirohi','2024-04-10 05:27:20','2024-04-10 05:27:20'),(446,19,'Tonk','2024-04-10 05:27:20','2024-04-10 05:27:20'),(447,19,'Udaipur','2024-04-10 05:27:20','2024-04-10 05:27:20'),(448,20,'East Sikkim','2024-04-10 05:27:20','2024-04-10 05:27:20'),(449,20,'North Sikkim','2024-04-10 05:27:20','2024-04-10 05:27:20'),(450,20,'South Sikkim','2024-04-10 05:27:20','2024-04-10 05:27:20'),(451,20,'West Sikkim','2024-04-10 05:27:20','2024-04-10 05:27:20'),(452,21,'Ariyalur','2024-04-10 05:27:20','2024-04-10 05:27:20'),(453,21,'Chennai','2024-04-10 05:27:20','2024-04-10 05:27:20'),(454,21,'Coimbatore','2024-04-10 05:27:20','2024-04-10 05:27:20'),(455,21,'Cuddalore','2024-04-10 05:27:20','2024-04-10 05:27:20'),(456,21,'Dharmapuri','2024-04-10 05:27:20','2024-04-10 05:27:20'),(457,21,'Dindigul','2024-04-10 05:27:20','2024-04-10 05:27:20'),(458,21,'Erode','2024-04-10 05:27:20','2024-04-10 05:27:20'),(459,21,'Kanchipuram','2024-04-10 05:27:20','2024-04-10 05:27:20'),(460,21,'Kanyakumari','2024-04-10 05:27:20','2024-04-10 05:27:20'),(461,21,'Karur','2024-04-10 05:27:20','2024-04-10 05:27:20'),(462,21,'Madurai','2024-04-10 05:27:20','2024-04-10 05:27:20'),(463,21,'Nagapattinam','2024-04-10 05:27:20','2024-04-10 05:27:20'),(464,21,'The Nilgiris','2024-04-10 05:27:20','2024-04-10 05:27:20'),(465,21,'Namakkal','2024-04-10 05:27:20','2024-04-10 05:27:20'),(466,21,'Perambalur','2024-04-10 05:27:20','2024-04-10 05:27:20'),(467,21,'Pudukkottai','2024-04-10 05:27:20','2024-04-10 05:27:20'),(468,21,'Ramanathapuram','2024-04-10 05:27:20','2024-04-10 05:27:20'),(469,21,'Salem','2024-04-10 05:27:20','2024-04-10 05:27:20'),(470,21,'Sivagangai','2024-04-10 05:27:20','2024-04-10 05:27:20'),(471,21,'Tiruppur','2024-04-10 05:27:20','2024-04-10 05:27:20'),(472,21,'Tiruchirappalli','2024-04-10 05:27:20','2024-04-10 05:27:20'),(473,21,'Theni','2024-04-10 05:27:20','2024-04-10 05:27:20'),(474,21,'Tirunelveli','2024-04-10 05:27:20','2024-04-10 05:27:20'),(475,21,'Thanjavur','2024-04-10 05:27:20','2024-04-10 05:27:20'),(476,21,'Thoothukudi','2024-04-10 05:27:20','2024-04-10 05:27:20'),(477,21,'Thiruvallur','2024-04-10 05:27:20','2024-04-10 05:27:20'),(478,21,'Thiruvarur','2024-04-10 05:27:20','2024-04-10 05:27:20'),(479,21,'Tiruvannamalai','2024-04-10 05:27:20','2024-04-10 05:27:20'),(480,21,'Vellore','2024-04-10 05:27:20','2024-04-10 05:27:20'),(481,21,'Villupuram','2024-04-10 05:27:20','2024-04-10 05:27:20'),(482,22,'Dhalai','2024-04-10 05:27:20','2024-04-10 05:27:20'),(483,22,'North Tripura','2024-04-10 05:27:20','2024-04-10 05:27:20'),(484,22,'South Tripura','2024-04-10 05:27:20','2024-04-10 05:27:20'),(485,22,'West Tripura','2024-04-10 05:27:20','2024-04-10 05:27:20'),(486,33,'Almora','2024-04-10 05:27:20','2024-04-10 05:27:20'),(487,33,'Bageshwar','2024-04-10 05:27:20','2024-04-10 05:27:20'),(488,33,'Chamoli','2024-04-10 05:27:20','2024-04-10 05:27:20'),(489,33,'Champawat','2024-04-10 05:27:20','2024-04-10 05:27:20'),(490,33,'Dehradun','2024-04-10 05:27:20','2024-04-10 05:27:20'),(491,33,'Haridwar','2024-04-10 05:27:20','2024-04-10 05:27:20'),(492,33,'Nainital','2024-04-10 05:27:20','2024-04-10 05:27:20'),(493,33,'Pauri Garhwal','2024-04-10 05:27:20','2024-04-10 05:27:20'),(494,33,'Pithoragharh','2024-04-10 05:27:20','2024-04-10 05:27:20'),(495,33,'Rudraprayag','2024-04-10 05:27:20','2024-04-10 05:27:20'),(496,33,'Tehri Garhwal','2024-04-10 05:27:20','2024-04-10 05:27:20'),(497,33,'Udham Singh Nagar','2024-04-10 05:27:20','2024-04-10 05:27:20'),(498,33,'Uttarkashi','2024-04-10 05:27:20','2024-04-10 05:27:20'),(499,23,'Agra','2024-04-10 05:27:20','2024-04-10 05:27:20'),(500,23,'Allahabad','2024-04-10 05:27:20','2024-04-10 05:27:20'),(501,23,'Aligarh','2024-04-10 05:27:20','2024-04-10 05:27:20'),(502,23,'Ambedkar Nagar','2024-04-10 05:27:20','2024-04-10 05:27:20'),(503,23,'Auraiya','2024-04-10 05:27:20','2024-04-10 05:27:20'),(504,23,'Azamgarh','2024-04-10 05:27:20','2024-04-10 05:27:20'),(505,23,'Barabanki','2024-04-10 05:27:20','2024-04-10 05:27:20'),(506,23,'Badaun','2024-04-10 05:27:20','2024-04-10 05:27:20'),(507,23,'Bagpat','2024-04-10 05:27:20','2024-04-10 05:27:20'),(508,23,'Bahraich','2024-04-10 05:27:20','2024-04-10 05:27:20'),(509,23,'Bijnor','2024-04-10 05:27:20','2024-04-10 05:27:20'),(510,23,'Ballia','2024-04-10 05:27:20','2024-04-10 05:27:20'),(511,23,'Banda','2024-04-10 05:27:20','2024-04-10 05:27:20'),(512,23,'Balrampur','2024-04-10 05:27:20','2024-04-10 05:27:20'),(513,23,'Bareilly','2024-04-10 05:27:20','2024-04-10 05:27:20'),(514,23,'Basti','2024-04-10 05:27:20','2024-04-10 05:27:20'),(515,23,'Bulandshahr','2024-04-10 05:27:20','2024-04-10 05:27:20'),(516,23,'Chandauli','2024-04-10 05:27:20','2024-04-10 05:27:20'),(517,23,'Chitrakoot','2024-04-10 05:27:20','2024-04-10 05:27:20'),(518,23,'Deoria','2024-04-10 05:27:20','2024-04-10 05:27:20'),(519,23,'Etah','2024-04-10 05:27:20','2024-04-10 05:27:20'),(520,23,'Kanshiram Nagar','2024-04-10 05:27:20','2024-04-10 05:27:20'),(521,23,'Etawah','2024-04-10 05:27:20','2024-04-10 05:27:20'),(522,23,'Firozabad','2024-04-10 05:27:20','2024-04-10 05:27:20'),(523,23,'Farrukhabad','2024-04-10 05:27:20','2024-04-10 05:27:20'),(524,23,'Fatehpur','2024-04-10 05:27:20','2024-04-10 05:27:20'),(525,23,'Faizabad','2024-04-10 05:27:20','2024-04-10 05:27:20'),(526,23,'Gautam Buddha Nagar','2024-04-10 05:27:20','2024-04-10 05:27:20'),(527,23,'Gonda','2024-04-10 05:27:20','2024-04-10 05:27:20'),(528,23,'Ghazipur','2024-04-10 05:27:20','2024-04-10 05:27:20'),(529,23,'Gorkakhpur','2024-04-10 05:27:20','2024-04-10 05:27:20'),(530,23,'Ghaziabad','2024-04-10 05:27:20','2024-04-10 05:27:20'),(531,23,'Hamirpur','2024-04-10 05:27:20','2024-04-10 05:27:20'),(532,23,'Hardoi','2024-04-10 05:27:20','2024-04-10 05:27:20'),(533,23,'Mahamaya Nagar','2024-04-10 05:27:20','2024-04-10 05:27:20'),(534,23,'Jhansi','2024-04-10 05:27:20','2024-04-10 05:27:20'),(535,23,'Jalaun','2024-04-10 05:27:20','2024-04-10 05:27:20'),(536,23,'Jyotiba Phule Nagar','2024-04-10 05:27:20','2024-04-10 05:27:20'),(537,23,'Jaunpur District','2024-04-10 05:27:20','2024-04-10 05:27:20'),(538,23,'Kanpur Dehat','2024-04-10 05:27:20','2024-04-10 05:27:20'),(539,23,'Kannauj','2024-04-10 05:27:20','2024-04-10 05:27:20'),(540,23,'Kanpur Nagar','2024-04-10 05:27:20','2024-04-10 05:27:20'),(541,23,'Kaushambi','2024-04-10 05:27:20','2024-04-10 05:27:20'),(542,23,'Kushinagar','2024-04-10 05:27:20','2024-04-10 05:27:20'),(543,23,'Lalitpur','2024-04-10 05:27:20','2024-04-10 05:27:20'),(544,23,'Lakhimpur Kheri','2024-04-10 05:27:20','2024-04-10 05:27:20'),(545,23,'Lucknow','2024-04-10 05:27:20','2024-04-10 05:27:20'),(546,23,'Mau','2024-04-10 05:27:20','2024-04-10 05:27:20'),(547,23,'Meerut','2024-04-10 05:27:20','2024-04-10 05:27:20'),(548,23,'Maharajganj','2024-04-10 05:27:20','2024-04-10 05:27:20'),(549,23,'Mahoba','2024-04-10 05:27:20','2024-04-10 05:27:20'),(550,23,'Mirzapur','2024-04-10 05:27:20','2024-04-10 05:27:20'),(551,23,'Moradabad','2024-04-10 05:27:20','2024-04-10 05:27:20'),(552,23,'Mainpuri','2024-04-10 05:27:20','2024-04-10 05:27:20'),(553,23,'Mathura','2024-04-10 05:27:20','2024-04-10 05:27:20'),(554,23,'Muzaffarnagar','2024-04-10 05:27:20','2024-04-10 05:27:20'),(555,23,'Pilibhit','2024-04-10 05:27:20','2024-04-10 05:27:20'),(556,23,'Pratapgarh','2024-04-10 05:27:20','2024-04-10 05:27:20'),(557,23,'Rampur','2024-04-10 05:27:20','2024-04-10 05:27:20'),(558,23,'Rae Bareli','2024-04-10 05:27:20','2024-04-10 05:27:20'),(559,23,'Saharanpur','2024-04-10 05:27:20','2024-04-10 05:27:20'),(560,23,'Sitapur','2024-04-10 05:27:20','2024-04-10 05:27:20'),(561,23,'Shahjahanpur','2024-04-10 05:27:20','2024-04-10 05:27:20'),(562,23,'Sant Kabir Nagar','2024-04-10 05:27:20','2024-04-10 05:27:20'),(563,23,'Siddharthnagar','2024-04-10 05:27:20','2024-04-10 05:27:20'),(564,23,'Sonbhadra','2024-04-10 05:27:20','2024-04-10 05:27:20'),(565,23,'Sant Ravidas Nagar','2024-04-10 05:27:20','2024-04-10 05:27:20'),(566,23,'Sultanpur','2024-04-10 05:27:20','2024-04-10 05:27:20'),(567,23,'Shravasti','2024-04-10 05:27:20','2024-04-10 05:27:20'),(568,23,'Unnao','2024-04-10 05:27:20','2024-04-10 05:27:20'),(569,23,'Varanasi','2024-04-10 05:27:20','2024-04-10 05:27:20'),(570,24,'Birbhum','2024-04-10 05:27:20','2024-04-10 05:27:20'),(571,24,'Bankura','2024-04-10 05:27:20','2024-04-10 05:27:20'),(572,24,'Bardhaman','2024-04-10 05:27:20','2024-04-10 05:27:20'),(573,24,'Darjeeling','2024-04-10 05:27:20','2024-04-10 05:27:20'),(574,24,'Dakshin Dinajpur','2024-04-10 05:27:20','2024-04-10 05:27:20'),(575,24,'Hooghly','2024-04-10 05:27:20','2024-04-10 05:27:20'),(576,24,'Howrah','2024-04-10 05:27:20','2024-04-10 05:27:20'),(577,24,'Jalpaiguri','2024-04-10 05:27:20','2024-04-10 05:27:20'),(578,24,'Cooch Behar','2024-04-10 05:27:20','2024-04-10 05:27:20'),(579,24,'Kolkata','2024-04-10 05:27:20','2024-04-10 05:27:20'),(580,24,'Malda','2024-04-10 05:27:20','2024-04-10 05:27:20'),(581,24,'Midnapore','2024-04-10 05:27:20','2024-04-10 05:27:20'),(582,24,'Murshidabad','2024-04-10 05:27:20','2024-04-10 05:27:20'),(583,24,'Nadia','2024-04-10 05:27:20','2024-04-10 05:27:20'),(584,24,'North 24 Parganas','2024-04-10 05:27:20','2024-04-10 05:27:20'),(585,24,'South 24 Parganas','2024-04-10 05:27:20','2024-04-10 05:27:20'),(586,24,'Purulia','2024-04-10 05:27:20','2024-04-10 05:27:20'),(587,24,'Uttar Dinajpur','2024-04-10 05:27:20','2024-04-10 05:27:20');
/*!40000 ALTER TABLE `cities` ENABLE KEYS */;
UNLOCK TABLES;

--
-- Table structure for table `clinic_hospitals`
--

DROP TABLE IF EXISTS `clinic_hospitals`;
/*!40101 SET @saved_cs_client     = @@character_set_client */;
/*!50503 SET character_set_client = utf8mb4 */;
CREATE TABLE `clinic_hospitals` (
  `id` int NOT NULL AUTO_INCREMENT,
  `name` varchar(255) NOT NULL,
  `location` varchar(255) NOT NULL,
  `gst_no` varchar(255) NOT NULL,
  `city` varchar(255) NOT NULL,
  `pincode` int NOT NULL,
  `created_at` timestamp NULL DEFAULT CURRENT_TIMESTAMP,
  `updated_at` timestamp NULL DEFAULT CURRENT_TIMESTAMP ON UPDATE CURRENT_TIMESTAMP,
  PRIMARY KEY (`id`)
) ENGINE=InnoDB AUTO_INCREMENT=11 DEFAULT CHARSET=utf8mb4 COLLATE=utf8mb4_0900_ai_ci;
/*!40101 SET character_set_client = @saved_cs_client */;

--
-- Dumping data for table `clinic_hospitals`
--

LOCK TABLES `clinic_hospitals` WRITE;
/*!40000 ALTER TABLE `clinic_hospitals` DISABLE KEYS */;
INSERT INTO `clinic_hospitals` VALUES (1,'ZYDUS LIFESCIENCES LIMITED','zydus hospitals road, Nr. sola bridge, S.G. highway,ahmedabad','24AAACC6253G3ZX','ahmedabad',380054,'2024-04-09 09:34:36','2024-04-09 09:34:36'),(2,'Marengo CIMS','shukan mall, science city road, ahmedabad','	24AABCC6721A1ZD','ahmedabad',380060,'2024-04-09 10:34:36','2024-04-10 04:48:29'),(3,'Sterling Hospitals','Sterling Hospital Rd, near Maharaja Agrasen Vidhyalaya, nr. Nilmani Society, L.K Society, Nilmani Society, Memnagar, Ahmedabad','24AADCA0897M1ZF','ahmedabad',380052,'2024-04-09 10:34:36','2024-04-10 04:51:08');
/*!40000 ALTER TABLE `clinic_hospitals` ENABLE KEYS */;
UNLOCK TABLES;

--
-- Table structure for table `doctor_details`
--

DROP TABLE IF EXISTS `doctor_details`;
/*!40101 SET @saved_cs_client     = @@character_set_client */;
/*!50503 SET character_set_client = utf8mb4 */;
CREATE TABLE `doctor_details` (
  `id` int NOT NULL AUTO_INCREMENT,
  `doctor_id` int DEFAULT NULL,
  `hospital_id` int DEFAULT NULL,
  `qualification` varchar(255) NOT NULL,
  `consultancy_fees` int NOT NULL,
  `created_at` timestamp NULL DEFAULT CURRENT_TIMESTAMP,
  `updated_at` timestamp NULL DEFAULT CURRENT_TIMESTAMP ON UPDATE CURRENT_TIMESTAMP,
  PRIMARY KEY (`id`),
  KEY `doctor_id` (`doctor_id`),
  KEY `hospital_id` (`hospital_id`),
  CONSTRAINT `doctor_details_ibfk_1` FOREIGN KEY (`doctor_id`) REFERENCES `users` (`id`),
  CONSTRAINT `doctor_details_ibfk_2` FOREIGN KEY (`hospital_id`) REFERENCES `clinic_hospitals` (`id`)
) ENGINE=InnoDB AUTO_INCREMENT=4 DEFAULT CHARSET=utf8mb4 COLLATE=utf8mb4_0900_ai_ci;
/*!40101 SET character_set_client = @saved_cs_client */;

--
-- Dumping data for table `doctor_details`
--

LOCK TABLES `doctor_details` WRITE;
/*!40000 ALTER TABLE `doctor_details` DISABLE KEYS */;
INSERT INTO `doctor_details` VALUES (1,2,1,'MS',500,'2024-04-09 09:34:36','2024-04-10 05:05:55'),(2,3,2,'MD',300,'2024-04-09 09:34:36','2024-04-09 13:08:48'),(3,5,3,'BPT',400,'2024-04-09 11:34:36','2024-04-09 11:34:36');
/*!40000 ALTER TABLE `doctor_details` ENABLE KEYS */;
UNLOCK TABLES;

--
-- Table structure for table `doctor_has_specialities`
--

DROP TABLE IF EXISTS `doctor_has_specialities`;
/*!40101 SET @saved_cs_client     = @@character_set_client */;
/*!50503 SET character_set_client = utf8mb4 */;
CREATE TABLE `doctor_has_specialities` (
  `id` int NOT NULL AUTO_INCREMENT,
  `doctor_id` int DEFAULT NULL,
  `speciality_id` int DEFAULT NULL,
  `created_at` timestamp NULL DEFAULT CURRENT_TIMESTAMP,
  `updated_at` timestamp NULL DEFAULT CURRENT_TIMESTAMP ON UPDATE CURRENT_TIMESTAMP,
  PRIMARY KEY (`id`),
  KEY `doctor_id` (`doctor_id`),
  KEY `speciality_id` (`speciality_id`),
  CONSTRAINT `doctor_has_specialities_ibfk_1` FOREIGN KEY (`doctor_id`) REFERENCES `users` (`id`),
  CONSTRAINT `doctor_has_specialities_ibfk_2` FOREIGN KEY (`speciality_id`) REFERENCES `specialities` (`id`)
) ENGINE=InnoDB AUTO_INCREMENT=4 DEFAULT CHARSET=utf8mb4 COLLATE=utf8mb4_0900_ai_ci;
/*!40101 SET character_set_client = @saved_cs_client */;

--
-- Dumping data for table `doctor_has_specialities`
--

LOCK TABLES `doctor_has_specialities` WRITE;
/*!40000 ALTER TABLE `doctor_has_specialities` DISABLE KEYS */;
INSERT INTO `doctor_has_specialities` VALUES (1,2,1,'2024-04-09 11:34:36','2024-04-09 11:34:36'),(2,3,2,'2024-04-09 11:34:36','2024-04-09 11:34:36'),(3,5,3,'2024-04-09 11:34:36','2024-04-09 11:34:36');
/*!40000 ALTER TABLE `doctor_has_specialities` ENABLE KEYS */;
UNLOCK TABLES;

--
-- Table structure for table `login_attempts`
--

DROP TABLE IF EXISTS `login_attempts`;
/*!40101 SET @saved_cs_client     = @@character_set_client */;
/*!50503 SET character_set_client = utf8mb4 */;
CREATE TABLE `login_attempts` (
  `id` int NOT NULL AUTO_INCREMENT,
  `user_id` int DEFAULT NULL,
  `email` varchar(255) DEFAULT NULL,
  `password` varchar(255) DEFAULT NULL,
  `status` tinyint(1) NOT NULL,
  `created_at` timestamp NULL DEFAULT CURRENT_TIMESTAMP,
  PRIMARY KEY (`id`),
  KEY `user_id` (`user_id`),
  CONSTRAINT `login_attempts_ibfk_1` FOREIGN KEY (`user_id`) REFERENCES `users` (`id`)
) ENGINE=InnoDB AUTO_INCREMENT=7 DEFAULT CHARSET=utf8mb4 COLLATE=utf8mb4_0900_ai_ci;
/*!40101 SET character_set_client = @saved_cs_client */;

--
-- Dumping data for table `login_attempts`
--

LOCK TABLES `login_attempts` WRITE;
/*!40000 ALTER TABLE `login_attempts` DISABLE KEYS */;
INSERT INTO `login_attempts` VALUES (1,4,'ashish@gmail.com','ashishhh',0,'2024-04-09 11:34:36'),(2,4,'ashish@gmail.com','ashish',1,'2024-04-09 11:34:36'),(3,6,'yash@gmail.com','ds',0,'2024-04-09 11:34:36'),(4,6,'yash@gmail.com','ya',0,'2024-04-09 11:34:36'),(5,6,'yash@gmail.com','yash',1,'2024-04-09 11:34:36'),(6,7,'alpesh','alpesh',1,'2024-04-09 11:34:36');
/*!40000 ALTER TABLE `login_attempts` ENABLE KEYS */;
UNLOCK TABLES;

--
-- Table structure for table `patient_details`
--

DROP TABLE IF EXISTS `patient_details`;
/*!40101 SET @saved_cs_client     = @@character_set_client */;
/*!50503 SET character_set_client = utf8mb4 */;
CREATE TABLE `patient_details` (
  `id` int NOT NULL AUTO_INCREMENT,
  `patient_id` int DEFAULT NULL,
  `blood_group` varchar(10) NOT NULL,
  `medical_history` text,
  `created_at` timestamp NULL DEFAULT CURRENT_TIMESTAMP,
  `updated_at` timestamp NULL DEFAULT CURRENT_TIMESTAMP ON UPDATE CURRENT_TIMESTAMP,
  PRIMARY KEY (`id`),
  KEY `patient_id` (`patient_id`),
  CONSTRAINT `patient_details_ibfk_1` FOREIGN KEY (`patient_id`) REFERENCES `users` (`id`)
) ENGINE=InnoDB AUTO_INCREMENT=5 DEFAULT CHARSET=utf8mb4 COLLATE=utf8mb4_0900_ai_ci;
/*!40101 SET character_set_client = @saved_cs_client */;

--
-- Dumping data for table `patient_details`
--

LOCK TABLES `patient_details` WRITE;
/*!40000 ALTER TABLE `patient_details` DISABLE KEYS */;
INSERT INTO `patient_details` VALUES (1,4,'O+','Diagnosed with hypertension and began on unknown medication. Stopped after 6 months because of drowsiness.','2024-04-10 05:03:40','2024-04-10 05:03:40'),(2,6,'AB+','Diagnosed with peptic ulcer disease, which resolved after three months on cimetidine.','2024-04-10 05:03:40','2024-04-10 05:03:40'),(3,7,'O-',NULL,'2024-04-10 05:03:40','2024-04-10 05:03:40'),(4,4,'O+',NULL,'2024-04-10 05:03:40','2024-04-10 05:03:40');
/*!40000 ALTER TABLE `patient_details` ENABLE KEYS */;
UNLOCK TABLES;

--
-- Table structure for table `payments`
--

DROP TABLE IF EXISTS `payments`;
/*!40101 SET @saved_cs_client     = @@character_set_client */;
/*!50503 SET character_set_client = utf8mb4 */;
CREATE TABLE `payments` (
  `id` int NOT NULL AUTO_INCREMENT,
  `patient_id` int DEFAULT NULL,
  `doctor_id` int DEFAULT NULL,
  `slot_id` int DEFAULT NULL,
  `payment_amount` int NOT NULL,
  `status` varchar(255) NOT NULL,
  `created_at` timestamp NULL DEFAULT CURRENT_TIMESTAMP,
  `updated_at` timestamp NULL DEFAULT CURRENT_TIMESTAMP ON UPDATE CURRENT_TIMESTAMP,
  PRIMARY KEY (`id`),
  KEY `doctor_id` (`doctor_id`),
  KEY `patient_id` (`patient_id`),
  KEY `slot_id` (`slot_id`),
  CONSTRAINT `payments_ibfk_1` FOREIGN KEY (`doctor_id`) REFERENCES `users` (`id`),
  CONSTRAINT `payments_ibfk_2` FOREIGN KEY (`patient_id`) REFERENCES `users` (`id`),
  CONSTRAINT `payments_ibfk_3` FOREIGN KEY (`slot_id`) REFERENCES `time_slots` (`id`)
) ENGINE=InnoDB AUTO_INCREMENT=8 DEFAULT CHARSET=utf8mb4 COLLATE=utf8mb4_0900_ai_ci;
/*!40101 SET character_set_client = @saved_cs_client */;

--
-- Dumping data for table `payments`
--

LOCK TABLES `payments` WRITE;
/*!40000 ALTER TABLE `payments` DISABLE KEYS */;
INSERT INTO `payments` VALUES (1,4,2,1,500,'done','2024-04-10 06:12:00','2024-04-10 06:15:47'),(2,6,2,2,500,'done','2024-04-10 06:12:00','2024-04-10 06:15:47'),(3,6,2,4,500,'done','2024-04-10 06:12:00','2024-04-10 06:15:47'),(4,7,2,5,500,'done','2024-04-10 06:12:00','2024-04-10 06:15:47'),(5,7,3,7,300,'done','2024-04-10 06:12:00','2024-04-10 06:15:47'),(6,4,3,8,300,'done','2024-04-10 06:12:00','2024-04-10 06:15:47'),(7,7,5,11,400,'done','2024-04-10 06:12:00','2024-04-10 06:15:47');
/*!40000 ALTER TABLE `payments` ENABLE KEYS */;
UNLOCK TABLES;

--
-- Table structure for table `permissions`
--

DROP TABLE IF EXISTS `permissions`;
/*!40101 SET @saved_cs_client     = @@character_set_client */;
/*!50503 SET character_set_client = utf8mb4 */;
CREATE TABLE `permissions` (
  `id` int NOT NULL AUTO_INCREMENT,
  `permission` varchar(255) NOT NULL,
  `created_at` timestamp NULL DEFAULT CURRENT_TIMESTAMP,
  `updated_at` timestamp NULL DEFAULT CURRENT_TIMESTAMP ON UPDATE CURRENT_TIMESTAMP,
  PRIMARY KEY (`id`)
) ENGINE=InnoDB DEFAULT CHARSET=utf8mb4 COLLATE=utf8mb4_0900_ai_ci;
/*!40101 SET character_set_client = @saved_cs_client */;

--
-- Dumping data for table `permissions`
--

LOCK TABLES `permissions` WRITE;
/*!40000 ALTER TABLE `permissions` DISABLE KEYS */;
/*!40000 ALTER TABLE `permissions` ENABLE KEYS */;
UNLOCK TABLES;

--
-- Table structure for table `prescriptions`
--

DROP TABLE IF EXISTS `prescriptions`;
/*!40101 SET @saved_cs_client     = @@character_set_client */;
/*!50503 SET character_set_client = utf8mb4 */;
CREATE TABLE `prescriptions` (
  `id` int NOT NULL AUTO_INCREMENT,
  `doctor_id` int DEFAULT NULL,
  `patient_id` int DEFAULT NULL,
  `prescription` text NOT NULL,
  `diagnoses` varchar(512) NOT NULL,
  `created_at` timestamp NULL DEFAULT CURRENT_TIMESTAMP,
  `updated_at` timestamp NULL DEFAULT CURRENT_TIMESTAMP ON UPDATE CURRENT_TIMESTAMP,
  PRIMARY KEY (`id`),
  KEY `doctor_id` (`doctor_id`),
  KEY `patient_id` (`patient_id`),
  CONSTRAINT `prescriptions_ibfk_1` FOREIGN KEY (`doctor_id`) REFERENCES `users` (`id`),
  CONSTRAINT `prescriptions_ibfk_2` FOREIGN KEY (`patient_id`) REFERENCES `users` (`id`)
) ENGINE=InnoDB AUTO_INCREMENT=5 DEFAULT CHARSET=utf8mb4 COLLATE=utf8mb4_0900_ai_ci;
/*!40101 SET character_set_client = @saved_cs_client */;

--
-- Dumping data for table `prescriptions`
--

LOCK TABLES `prescriptions` WRITE;
/*!40000 ALTER TABLE `prescriptions` DISABLE KEYS */;
INSERT INTO `prescriptions` VALUES (1,2,4,'Lorem ipsum, dolor sit amet consectetur adipisicing elit. Et soluta dolore iste eius dignissimos doloremque. Rerum officiis eos unde laudantium.','adipisicing','2024-04-10 05:03:40','2024-04-10 05:03:40'),(2,3,5,'Lorem ipsum dolor sit amet consectetur, adipisicing elit. Voluptate qui temporibus autem, laborum sequi architecto!','Quam','2024-04-10 05:03:40','2024-04-10 05:03:40'),(3,5,6,'Lorem ipsum dolor sit amet consectetur, adipisicing elit. Necessitatibus, laboriosam?','ipsum dolor','2024-04-10 05:03:40','2024-04-10 05:03:40'),(4,5,4,'Lorem ipsum dolor sit amet, consectetur adipisicing elit. Quam, sequi explicabo.','sit amet','2024-04-10 05:03:40','2024-04-10 05:03:40');
/*!40000 ALTER TABLE `prescriptions` ENABLE KEYS */;
UNLOCK TABLES;

--
-- Table structure for table `rating_and_reviews`
--

DROP TABLE IF EXISTS `rating_and_reviews`;
/*!40101 SET @saved_cs_client     = @@character_set_client */;
/*!50503 SET character_set_client = utf8mb4 */;
CREATE TABLE `rating_and_reviews` (
  `id` int NOT NULL AUTO_INCREMENT,
  `patient_id` int DEFAULT NULL,
  `doctor_id` int DEFAULT NULL,
  `rating` int NOT NULL,
  `review` varchar(255) NOT NULL,
  `created_at` timestamp NULL DEFAULT CURRENT_TIMESTAMP,
  `updated_at` timestamp NULL DEFAULT CURRENT_TIMESTAMP ON UPDATE CURRENT_TIMESTAMP,
  PRIMARY KEY (`id`),
  KEY `doctor_id` (`doctor_id`),
  KEY `patient_id` (`patient_id`),
  CONSTRAINT `rating_and_reviews_ibfk_1` FOREIGN KEY (`doctor_id`) REFERENCES `users` (`id`),
  CONSTRAINT `rating_and_reviews_ibfk_2` FOREIGN KEY (`patient_id`) REFERENCES `users` (`id`)
) ENGINE=InnoDB AUTO_INCREMENT=5 DEFAULT CHARSET=utf8mb4 COLLATE=utf8mb4_0900_ai_ci;
/*!40101 SET character_set_client = @saved_cs_client */;

--
-- Dumping data for table `rating_and_reviews`
--

LOCK TABLES `rating_and_reviews` WRITE;
/*!40000 ALTER TABLE `rating_and_reviews` DISABLE KEYS */;
INSERT INTO `rating_and_reviews` VALUES (1,4,2,3,'Lorem ipsum dolor sit amet, consectetur adipisicing elit. Quam, sequi explicabo.','2024-04-09 11:34:36','2024-04-09 11:34:36'),(2,6,3,4,'Lorem ipsum dolor sit amet consectetur adipisicing elit.','2024-04-09 11:34:36','2024-04-09 11:34:36'),(3,7,5,5,'Lorem ipsum dolor, sit amet consectetur adipisicing elit.','2024-04-09 11:34:36','2024-04-09 11:34:36'),(4,4,5,4,'Lorem ipsum dolor sit amet.','2024-04-09 11:34:36','2024-04-09 11:34:36');
/*!40000 ALTER TABLE `rating_and_reviews` ENABLE KEYS */;
UNLOCK TABLES;

--
-- Table structure for table `role_has_permissions`
--

DROP TABLE IF EXISTS `role_has_permissions`;
/*!40101 SET @saved_cs_client     = @@character_set_client */;
/*!50503 SET character_set_client = utf8mb4 */;
CREATE TABLE `role_has_permissions` (
  `id` int NOT NULL AUTO_INCREMENT,
  `role_id` int DEFAULT NULL,
  `permission_id` int DEFAULT NULL,
  `created_at` timestamp NULL DEFAULT CURRENT_TIMESTAMP,
  `updated_at` timestamp NULL DEFAULT CURRENT_TIMESTAMP ON UPDATE CURRENT_TIMESTAMP,
  PRIMARY KEY (`id`),
  KEY `role_id` (`role_id`),
  KEY `permission_id` (`permission_id`),
  CONSTRAINT `role_has_permissions_ibfk_1` FOREIGN KEY (`role_id`) REFERENCES `roles` (`id`),
  CONSTRAINT `role_has_permissions_ibfk_2` FOREIGN KEY (`permission_id`) REFERENCES `permissions` (`id`)
) ENGINE=InnoDB DEFAULT CHARSET=utf8mb4 COLLATE=utf8mb4_0900_ai_ci;
/*!40101 SET character_set_client = @saved_cs_client */;

--
-- Dumping data for table `role_has_permissions`
--

LOCK TABLES `role_has_permissions` WRITE;
/*!40000 ALTER TABLE `role_has_permissions` DISABLE KEYS */;
/*!40000 ALTER TABLE `role_has_permissions` ENABLE KEYS */;
UNLOCK TABLES;

--
-- Table structure for table `roles`
--

DROP TABLE IF EXISTS `roles`;
/*!40101 SET @saved_cs_client     = @@character_set_client */;
/*!50503 SET character_set_client = utf8mb4 */;
CREATE TABLE `roles` (
  `id` int NOT NULL AUTO_INCREMENT,
  `role` varchar(255) NOT NULL,
  `created_at` timestamp NULL DEFAULT CURRENT_TIMESTAMP,
  `updated_at` timestamp NULL DEFAULT CURRENT_TIMESTAMP ON UPDATE CURRENT_TIMESTAMP,
  PRIMARY KEY (`id`)
) ENGINE=InnoDB AUTO_INCREMENT=4 DEFAULT CHARSET=utf8mb4 COLLATE=utf8mb4_0900_ai_ci;
/*!40101 SET character_set_client = @saved_cs_client */;

--
-- Dumping data for table `roles`
--

LOCK TABLES `roles` WRITE;
/*!40000 ALTER TABLE `roles` DISABLE KEYS */;
INSERT INTO `roles` VALUES (1,'user','2024-04-09 09:34:36','2024-04-09 09:34:36'),(2,'Doctor','2024-04-09 09:34:36','2024-04-09 09:34:36'),(3,'Admin','2024-04-09 09:34:36','2024-04-09 09:34:36');
/*!40000 ALTER TABLE `roles` ENABLE KEYS */;
UNLOCK TABLES;

--
-- Table structure for table `slot_bookings`
--

DROP TABLE IF EXISTS `slot_bookings`;
/*!40101 SET @saved_cs_client     = @@character_set_client */;
/*!50503 SET character_set_client = utf8mb4 */;
CREATE TABLE `slot_bookings` (
  `id` int NOT NULL AUTO_INCREMENT,
  `slot_id` int DEFAULT NULL,
  `patient_id` int DEFAULT NULL,
  `booking_date` date NOT NULL,
  `is_deleted` tinyint(1) DEFAULT '0',
  `created_at` timestamp NULL DEFAULT CURRENT_TIMESTAMP,
  `updated_at` timestamp NULL DEFAULT CURRENT_TIMESTAMP ON UPDATE CURRENT_TIMESTAMP,
  `deleted_at` timestamp NULL DEFAULT NULL,
  PRIMARY KEY (`id`),
  KEY `slot_id` (`slot_id`),
  KEY `patient_id` (`patient_id`),
  CONSTRAINT `slot_bookings_ibfk_1` FOREIGN KEY (`slot_id`) REFERENCES `time_slots` (`id`),
  CONSTRAINT `slot_bookings_ibfk_2` FOREIGN KEY (`patient_id`) REFERENCES `users` (`id`)
) ENGINE=InnoDB AUTO_INCREMENT=8 DEFAULT CHARSET=utf8mb4 COLLATE=utf8mb4_0900_ai_ci;
/*!40101 SET character_set_client = @saved_cs_client */;

--
-- Dumping data for table `slot_bookings`
--

LOCK TABLES `slot_bookings` WRITE;
/*!40000 ALTER TABLE `slot_bookings` DISABLE KEYS */;
INSERT INTO `slot_bookings` VALUES (1,1,4,'2024-04-05',0,'2024-04-10 06:05:41','2024-04-10 06:05:41',NULL),(2,2,6,'2024-04-06',0,'2024-04-10 06:05:41','2024-04-10 06:05:41',NULL),(3,4,6,'2024-04-05',0,'2024-04-10 06:05:41','2024-04-10 06:05:41',NULL),(4,5,7,'2024-04-06',0,'2024-04-10 06:05:41','2024-04-10 06:05:41',NULL),(5,7,7,'2024-04-05',0,'2024-04-10 06:05:41','2024-04-10 06:05:41',NULL),(6,8,4,'2024-04-06',0,'2024-04-10 06:05:41','2024-04-10 06:05:41',NULL),(7,11,7,'2024-04-05',0,'2024-04-10 06:05:41','2024-04-10 06:05:41',NULL);
/*!40000 ALTER TABLE `slot_bookings` ENABLE KEYS */;
UNLOCK TABLES;

--
-- Table structure for table `specialities`
--

DROP TABLE IF EXISTS `specialities`;
/*!40101 SET @saved_cs_client     = @@character_set_client */;
/*!50503 SET character_set_client = utf8mb4 */;
CREATE TABLE `specialities` (
  `id` int NOT NULL AUTO_INCREMENT,
  `speciality` varchar(255) NOT NULL,
  `created_at` timestamp NULL DEFAULT CURRENT_TIMESTAMP,
  `updated_at` timestamp NULL DEFAULT CURRENT_TIMESTAMP ON UPDATE CURRENT_TIMESTAMP,
  PRIMARY KEY (`id`)
) ENGINE=InnoDB AUTO_INCREMENT=7 DEFAULT CHARSET=utf8mb4 COLLATE=utf8mb4_0900_ai_ci;
/*!40101 SET character_set_client = @saved_cs_client */;

--
-- Dumping data for table `specialities`
--

LOCK TABLES `specialities` WRITE;
/*!40000 ALTER TABLE `specialities` DISABLE KEYS */;
INSERT INTO `specialities` VALUES (1,'Orthopedic','2024-04-10 05:05:55','2024-04-10 05:11:28'),(2,'Cardiology','2024-04-10 05:05:55','2024-04-10 05:11:28'),(3,'Physiotherapy','2024-04-10 05:05:55','2024-04-10 05:11:28'),(4,'Dermatology','2024-04-10 05:05:55','2024-04-10 05:11:28'),(5,'Anesthesiology','2024-04-10 05:05:55','2024-04-10 05:11:28'),(6,'neurosurgeon','2024-04-10 05:05:55','2024-04-10 05:11:28');
/*!40000 ALTER TABLE `specialities` ENABLE KEYS */;
UNLOCK TABLES;

--
-- Table structure for table `states`
--

DROP TABLE IF EXISTS `states`;
/*!40101 SET @saved_cs_client     = @@character_set_client */;
/*!50503 SET character_set_client = utf8mb4 */;
CREATE TABLE `states` (
  `id` int NOT NULL AUTO_INCREMENT,
  `state` varchar(255) NOT NULL,
  `created_at` timestamp NULL DEFAULT CURRENT_TIMESTAMP,
  `updated_at` timestamp NULL DEFAULT CURRENT_TIMESTAMP ON UPDATE CURRENT_TIMESTAMP,
  PRIMARY KEY (`id`)
) ENGINE=InnoDB AUTO_INCREMENT=36 DEFAULT CHARSET=utf8mb4 COLLATE=utf8mb4_0900_ai_ci;
/*!40101 SET character_set_client = @saved_cs_client */;

--
-- Dumping data for table `states`
--

LOCK TABLES `states` WRITE;
/*!40000 ALTER TABLE `states` DISABLE KEYS */;
INSERT INTO `states` VALUES (1,'ANDHRA PRADESH','2024-04-10 05:27:16','2024-04-10 05:27:16'),(2,'ASSAM','2024-04-10 05:27:16','2024-04-10 05:27:16'),(3,'ARUNACHAL PRADESH','2024-04-10 05:27:16','2024-04-10 05:27:16'),(4,'BIHAR','2024-04-10 05:27:16','2024-04-10 05:27:16'),(5,'GUJRAT','2024-04-10 05:27:16','2024-04-10 05:27:16'),(6,'HARYANA','2024-04-10 05:27:16','2024-04-10 05:27:16'),(7,'HIMACHAL PRADESH','2024-04-10 05:27:16','2024-04-10 05:27:16'),(8,'JAMMU & KASHMIR','2024-04-10 05:27:16','2024-04-10 05:27:16'),(9,'KARNATAKA','2024-04-10 05:27:16','2024-04-10 05:27:16'),(10,'KERALA','2024-04-10 05:27:16','2024-04-10 05:27:16'),(11,'MADHYA PRADESH','2024-04-10 05:27:16','2024-04-10 05:27:16'),(12,'MAHARASHTRA','2024-04-10 05:27:16','2024-04-10 05:27:16'),(13,'MANIPUR','2024-04-10 05:27:16','2024-04-10 05:27:16'),(14,'MEGHALAYA','2024-04-10 05:27:16','2024-04-10 05:27:16'),(15,'MIZORAM','2024-04-10 05:27:16','2024-04-10 05:27:16'),(16,'NAGALAND','2024-04-10 05:27:16','2024-04-10 05:27:16'),(17,'ORISSA','2024-04-10 05:27:16','2024-04-10 05:27:16'),(18,'PUNJAB','2024-04-10 05:27:16','2024-04-10 05:27:16'),(19,'RAJASTHAN','2024-04-10 05:27:16','2024-04-10 05:27:16'),(20,'SIKKIM','2024-04-10 05:27:16','2024-04-10 05:27:16'),(21,'TAMIL NADU','2024-04-10 05:27:16','2024-04-10 05:27:16'),(22,'TRIPURA','2024-04-10 05:27:16','2024-04-10 05:27:16'),(23,'UTTAR PRADESH','2024-04-10 05:27:16','2024-04-10 05:27:16'),(24,'WEST BENGAL','2024-04-10 05:27:16','2024-04-10 05:27:16'),(25,'DELHI','2024-04-10 05:27:16','2024-04-10 05:27:16'),(26,'GOA','2024-04-10 05:27:16','2024-04-10 05:27:16'),(27,'PONDICHERY','2024-04-10 05:27:16','2024-04-10 05:27:16'),(28,'LAKSHDWEEP','2024-04-10 05:27:16','2024-04-10 05:27:16'),(29,'DAMAN & DIU','2024-04-10 05:27:16','2024-04-10 05:27:16'),(30,'DADRA & NAGAR','2024-04-10 05:27:16','2024-04-10 05:27:16'),(31,'CHANDIGARH','2024-04-10 05:27:16','2024-04-10 05:27:16'),(32,'ANDAMAN & NICOBAR','2024-04-10 05:27:16','2024-04-10 05:27:16'),(33,'UTTARANCHAL','2024-04-10 05:27:16','2024-04-10 05:27:16'),(34,'JHARKHAND','2024-04-10 05:27:16','2024-04-10 05:27:16'),(35,'CHATTISGARH','2024-04-10 05:27:16','2024-04-10 05:27:16');
/*!40000 ALTER TABLE `states` ENABLE KEYS */;
UNLOCK TABLES;

--
-- Table structure for table `time_slots`
--

DROP TABLE IF EXISTS `time_slots`;
/*!40101 SET @saved_cs_client     = @@character_set_client */;
/*!50503 SET character_set_client = utf8mb4 */;
CREATE TABLE `time_slots` (
  `id` int NOT NULL AUTO_INCREMENT,
  `doctor_id` int DEFAULT NULL,
  `date` date NOT NULL,
  `start_time` time NOT NULL,
  `end_time` time NOT NULL,
  `is_booked` tinyint(1) NOT NULL DEFAULT '0',
  `is_deleted` tinyint(1) DEFAULT '0',
  `created_at` timestamp NULL DEFAULT CURRENT_TIMESTAMP,
  `updated_at` timestamp NULL DEFAULT CURRENT_TIMESTAMP ON UPDATE CURRENT_TIMESTAMP,
  `deleted_at` timestamp NULL DEFAULT NULL,
  PRIMARY KEY (`id`),
  KEY `doctor_id` (`doctor_id`),
  CONSTRAINT `time_slots_ibfk_1` FOREIGN KEY (`doctor_id`) REFERENCES `users` (`id`)
) ENGINE=InnoDB AUTO_INCREMENT=13 DEFAULT CHARSET=utf8mb4 COLLATE=utf8mb4_0900_ai_ci;
/*!40101 SET character_set_client = @saved_cs_client */;

--
-- Dumping data for table `time_slots`
--

LOCK TABLES `time_slots` WRITE;
/*!40000 ALTER TABLE `time_slots` DISABLE KEYS */;
INSERT INTO `time_slots` VALUES (1,2,'2024-04-10','10:00:00','10:45:00',1,0,'2024-04-09 09:34:36','2024-04-10 06:02:31',NULL),(2,2,'2024-04-10','10:45:00','11:30:00',1,0,'2024-04-09 09:34:36','2024-04-10 06:02:31',NULL),(3,2,'2024-04-10','11:30:00','12:15:00',0,0,'2024-04-09 09:34:36','2024-04-10 06:02:31',NULL),(4,2,'2024-04-11','10:00:00','10:00:00',1,0,'2024-04-09 09:34:36','2024-04-10 06:02:31',NULL),(5,2,'2024-04-11','10:45:00','11:30:00',1,0,'2024-04-09 09:34:36','2024-04-10 06:02:31',NULL),(6,3,'2024-04-10','10:15:00','10:45:00',0,0,'2024-04-09 09:34:36','2024-04-10 06:02:31',NULL),(7,3,'2024-04-10','10:45:00','11:15:00',1,0,'2024-04-09 09:34:36','2024-04-10 06:02:31',NULL),(8,3,'2024-04-10','11:15:00','11:45:00',1,0,'2024-04-09 09:34:36','2024-04-10 06:02:31',NULL),(9,3,'2024-04-11','10:15:00','10:45:00',0,0,'2024-04-09 09:34:36','2024-04-10 06:02:31',NULL),(10,3,'2024-04-11','10:45:00','11:15:00',0,0,'2024-04-09 09:34:36','2024-04-10 06:02:31',NULL),(11,5,'2024-04-10','10:00:00','10:45:00',1,0,'2024-04-09 09:34:36','2024-04-10 06:02:31',NULL),(12,5,'2024-04-11','10:00:00','10:45:00',0,0,'2024-04-09 09:34:36','2024-04-10 06:02:31',NULL);
/*!40000 ALTER TABLE `time_slots` ENABLE KEYS */;
UNLOCK TABLES;

--
-- Table structure for table `users`
--

DROP TABLE IF EXISTS `users`;
/*!40101 SET @saved_cs_client     = @@character_set_client */;
/*!50503 SET character_set_client = utf8mb4 */;
CREATE TABLE `users` (
  `id` int NOT NULL AUTO_INCREMENT,
  `fname` varchar(255) NOT NULL,
  `lname` varchar(255) NOT NULL,
  `email` varchar(255) NOT NULL,
  `gender` varchar(50) NOT NULL,
  `dob` date NOT NULL,
  `phone` bigint NOT NULL,
  `address` varchar(512) NOT NULL,
  `city` varchar(255) NOT NULL,
  `password` varchar(255) NOT NULL,
  `salt` varchar(50) NOT NULL,
  `role_id` int DEFAULT NULL,
  `activation_token` varchar(255) NOT NULL,
  `is_active` tinyint(1) NOT NULL DEFAULT '0',
  `profile` varchar(255) DEFAULT NULL,
  `is_deleted` tinyint(1) DEFAULT '0',
  `created_at` timestamp NULL DEFAULT CURRENT_TIMESTAMP,
  `updated_at` timestamp NULL DEFAULT CURRENT_TIMESTAMP ON UPDATE CURRENT_TIMESTAMP,
  `deleted_at` timestamp NULL DEFAULT NULL,
  PRIMARY KEY (`id`),
  UNIQUE KEY `email` (`email`),
  KEY `role_id` (`role_id`),
  CONSTRAINT `users_ibfk_1` FOREIGN KEY (`role_id`) REFERENCES `roles` (`id`)
) ENGINE=InnoDB AUTO_INCREMENT=9 DEFAULT CHARSET=utf8mb4 COLLATE=utf8mb4_0900_ai_ci;
/*!40101 SET character_set_client = @saved_cs_client */;

--
-- Dumping data for table `users`
--

LOCK TABLES `users` WRITE;
/*!40000 ALTER TABLE `users` DISABLE KEYS */;
INSERT INTO `users` VALUES (1,'jash','jani','jash@gmail.com','male','2003-01-01',7894561236,'satadhar cross road, ghatlodiya, ahmedabad','ahmedabad','jash','jash',3,'qwertyuiop',1,'jdfbjkd',0,'2024-04-09 09:34:36','2024-04-10 05:03:40','2024-04-09 09:34:36'),(2,'krish','gujariya','krish','male','2003-04-04',7845125824,'ghatlodiya,ahmedanad','ahmedabad','krish','krish',2,'dsfdfsdfsj',1,'jfs',0,'2024-04-09 09:34:36','2024-04-10 05:03:40','2024-04-09 09:34:36'),(3,'dharm','patel','dharm@gmaul.com','male','2020-02-02',7845123695,'ahmedabad','ahmedabad','dharm','dharm',2,'dfgsdfsfsd',1,'gjjgyjcghj',0,'2024-04-09 09:34:36','2024-04-10 05:03:40','2024-04-09 09:34:36'),(4,'ashish','zapadiya','ashish@gmail.com','male','2001-05-06',7845963526,'akhbar nagar, ahmedabad','ahmedabad','ashish','ashish',1,'hjghjfghfh',1,'rtyeryhb',0,'2024-04-09 11:34:36','2024-04-09 11:34:36','2024-04-09 11:34:36'),(5,'grishma','sao','grishma@gmail.com','female','2000-06-09',8956745896,'nana varachha, surat','surat','grishma','grishma',2,'jghjfghfghrtt',1,'gjfjhrtyr',0,'2024-04-09 11:34:36','2024-04-09 11:34:36','2024-04-09 11:34:36'),(6,'yash','babariya','yash@gmail.com','male','2003-06-07',7853692516,'mota varachha, surat','surat','yash','yash',1,'jkyujkgjgjghj',1,'ghfgjghjghnj',0,'2024-04-09 11:34:36','2024-04-09 11:34:36','2024-04-09 11:34:36'),(7,'alpesh','prajapati','alpesh','male','1999-04-08',9988745685,'akhbarnagar, ahmedabad','ahmedabad','alpesh','alpesh',1,'sdgsdgdh',1,'rgdergerher',0,'2024-04-09 11:34:36','2024-04-09 11:34:36','2024-04-09 11:34:36'),(8,'dixit','kaneriya','dixit','male','1990-12-30',8874695588,'thaltej, ahmedabad','ahmedabad','dixit','dixit',1,'fgdhdhdgsdr',1,'gdrgdergd',0,'2024-04-09 11:34:36','2024-04-09 11:34:36','2024-04-09 11:34:36');
/*!40000 ALTER TABLE `users` ENABLE KEYS */;
UNLOCK TABLES;
/*!40103 SET TIME_ZONE=@OLD_TIME_ZONE */;

/*!40101 SET SQL_MODE=@OLD_SQL_MODE */;
/*!40014 SET FOREIGN_KEY_CHECKS=@OLD_FOREIGN_KEY_CHECKS */;
/*!40014 SET UNIQUE_CHECKS=@OLD_UNIQUE_CHECKS */;
/*!40101 SET CHARACTER_SET_CLIENT=@OLD_CHARACTER_SET_CLIENT */;
/*!40101 SET CHARACTER_SET_RESULTS=@OLD_CHARACTER_SET_RESULTS */;
/*!40101 SET COLLATION_CONNECTION=@OLD_COLLATION_CONNECTION */;
/*!40111 SET SQL_NOTES=@OLD_SQL_NOTES */;

-- Dump completed on 2024-04-10 11:49:06
